point_id,visit_day,cluster_id,order_in_route,manager,lat,lon
ID177,1,0,0,2,56.30569610075784,44.06263419253496
ID239,1,0,1,2,56.2893654650396,44.06591785559318
ID67,1,0,2,2,56.30368748230927,44.060671878790586
ID69,1,0,3,2,56.30865577138126,44.05717836597057
ID70,1,0,4,2,56.31124453037473,44.0516261819221
ID238,1,0,5,2,56.30273245954083,44.04949596581684
ID169,1,0,6,2,56.29116596384266,44.05896675037757
ID244,1,0,7,2,56.31408877424422,44.05771879835593
ID496,1,2,8,2,56.11251982108283,43.48276869264804
ID606,1,2,9,2,56.11241184160043,43.534708915284064
ID494,2,2,0,2,56.10556194595998,43.51248112963457
ID509,2,2,1,2,56.11475740214236,43.53026966014696
ID43,2,3,2,2,54.92198699912954,43.34884840014151
ID585,2,4,3,2,56.34906142196027,43.90473000769588
ID583,2,4,4,2,56.343872188166806,43.88905294133682
ID582,2,4,5,2,56.34260443458897,43.8860802102411
ID435,2,4,6,2,56.35159044830838,43.89123511676826
ID514,2,5,7,2,55.94015688371304,43.07157590848105
ID626,2,5,8,2,55.93743147332916,43.07349006205485
ID515,2,5,9,2,55.95618362904333,43.05487336058568
ID516,3,5,0,2,55.94123911998357,43.04562483240888
ID30,3,6,1,2,55.32768378349463,42.06242953831091
ID5,3,7,2,2,55.3812871333742,43.81145158954393
ID2,3,7,3,2,55.35838119059491,43.84506133794914
ID235,3,8,4,2,56.246955307060425,43.43396433090513
ID153,3,8,5,2,56.25306916901396,43.453250520779605
ID151,3,8,6,2,56.24889995316328,43.43379039321995
ID123,3,8,7,2,56.25640557030996,43.454639614343385
ID451,3,9,8,2,56.4928037255994,43.61592946468394
ID185,3,10,9,2,56.19050157694655,44.119771254627054
ID90,4,10,0,2,56.19607932895915,44.12295531019916
ID187,4,10,1,2,56.215175178779006,44.10177941854473
ID288,4,11,2,2,56.23171015587958,43.87846476754461
ID426,4,11,3,2,56.23227914085359,43.87707548210688
ID97,4,11,4,2,56.20285705047222,43.88030266668006
ID286,4,11,5,2,56.23027380675578,43.87698524676134
ID32,4,12,6,2,55.56534590604467,42.06375597294895
ID577,4,13,7,2,56.38109450232248,43.78586136139161
ID555,4,13,8,2,56.38821631756318,43.75494524124564
ID576,4,13,9,2,56.38588191417029,43.78399793138744
ID165,5,14,0,2,56.20299104015464,42.70654860284195
ID211,5,15,1,2,56.24292105889903,43.99483310284504
ID76,5,15,2,2,56.244868585656576,43.99595531977031
ID208,5,15,3,2,56.24047021823604,43.99942714897963
ID376,5,16,4,2,56.26510790927786,43.94915265015328
ID398,5,16,5,2,56.28347292098022,43.95455682071499
ID270,5,16,6,2,56.29472942708435,43.95177008398834
ID216,5,18,7,2,56.138047248095226,44.19678457310791
ID215,5,18,8,2,56.13675389288443,44.19234889759326
ID597,5,19,9,2,56.35178091068018,44.08731513593583
ID545,6,21,0,2,56.3700352094783,43.84568706713405
ID573,6,21,1,2,56.36678706119224,43.84375283664702
ID25,6,22,2,2,55.32441670762539,42.16471662647033
ID13,6,22,3,2,55.31360980116675,42.1617434415603
ID28,6,22,4,2,55.33832740008441,42.165481867385445
ID14,6,22,5,2,55.35339439082952,42.1604651722134
ID328,6,23,6,2,56.29042170452277,43.880942440876005
ID617,6,23,7,2,56.29855724009085,43.89627769741357
ID396,6,23,8,2,56.28571037463513,43.899322271150254
ID486,6,23,9,2,56.299076805571374,43.8906640822286
ID395,7,23,0,2,56.28646703692454,43.890841617793306
ID324,7,23,1,2,56.29112315326828,43.89379471585608
ID132,7,24,2,2,56.2401168732311,43.52221026622027
ID156,7,24,3,2,56.24946345111653,43.49433779185123
ID101,7,24,4,2,56.24454959129702,43.49051409244215
ID192,7,24,5,2,56.24446082434155,43.49854004575904
ID131,7,24,6,2,56.24197980004377,43.52404471965556
ID412,7,25,7,2,56.24869347260733,43.82864135001115
ID315,7,25,8,2,56.24669099084166,43.83758101022783
ID411,7,25,9,2,56.25044752655315,43.82040029003241
ID630,8,26,0,2,55.98497811919985,43.10727462255676
ID513,8,26,1,2,55.9857525374951,43.10507394765211
ID543,8,27,2,2,56.32128525991788,43.91733838250226
ID568,8,27,3,2,56.31987899842998,43.93210802276611
ID134,8,27,4,2,56.344488410051454,43.93989748789008
ID31,8,28,5,2,55.54174673093421,42.205918756201285
ID375,8,29,6,2,56.26839702738259,43.93974556727909
ID431,8,29,7,2,56.24873924691146,43.922329352490735
ID294,8,29,8,2,56.26656997576941,43.93707942700749
ID251,8,30,9,2,56.29858244875151,43.99333506165431
ID254,9,30,0,2,56.29513128523346,43.99987422207735
ID52,9,30,1,2,56.28465326757238,43.999825233775525
ID171,9,30,2,2,56.290408594072645,44.0143074816523
ID139,9,30,3,2,56.31017928777103,44.00476424167771
ID482,9,32,4,2,56.32799742204136,43.84228021646029
ID565,9,32,5,2,56.328805910055486,43.83714456894168
ID525,9,33,6,2,56.39937897961171,43.70839697707233
ID336,9,34,7,2,56.26173286647592,43.90578196583705
ID285,9,34,8,2,56.24186572464441,43.906407238072106
ID432,9,34,9,2,56.258334504042494,43.91605678729983
ID421,10,34,0,2,56.25648229177595,43.91005634497122
ID334,10,34,1,2,56.2597973218662,43.91012459602735
ID385,10,34,2,2,56.261771449986064,43.91534375267658
ID284,10,34,3,2,56.256834393123874,43.91342292026935
ID338,10,34,4,2,56.25707635118715,43.89910894761912
ID391,10,35,5,2,56.26907615829779,43.84784642129711
ID417,10,35,6,2,56.26921381267968,43.86114891272839
ID306,10,35,7,2,56.26509752294236,43.85338303920796
ID418,10,35,8,2,56.26627689545059,43.85670844052454
ID420,10,35,9,2,56.26832267982871,43.86116112234606
ID305,11,35,0,2,56.26498207556229,43.85463346854668
ID419,11,35,1,2,56.26754843107752,43.85704605628617
ID188,11,36,2,2,56.25630280903887,44.09642647891029
ID88,11,36,3,2,56.231997857289485,44.09395854231418
ID159,11,38,4,2,56.23090527364302,43.46046211582711
ID128,11,38,5,2,56.22543767958059,43.43992877775604
ID129,11,38,6,2,56.23164016770855,43.45664477226579
ID518,11,39,7,2,55.94158338811002,43.09146119440329
ID245,11,40,8,2,56.31730121372235,44.03522787118592
ID71,11,40,9,2,56.31801533972723,44.03195439503118
ID175,12,40,0,2,56.310925202211614,44.038100773364846
ID141,12,40,1,2,56.30845359479964,44.0109025264863
ID384,12,40,2,2,56.29926210861554,44.0221634179781
ID174,12,40,3,2,56.31274315421296,44.03992803111896
ID54,12,40,4,2,56.29190060338504,44.026259392778535
ID59,12,40,5,2,56.31283806827887,44.02058990199815
ID592,12,41,6,2,56.37585657695692,44.05780924890727
ID593,12,41,7,2,56.373803763444926,44.066654484050936
ID508,12,41,8,2,56.37569370649222,44.06746531110991
ID458,12,42,9,2,56.31846217985571,43.898712298800255
ID540,13,42,0,2,56.31606569681647,43.89550509449434
ID463,13,42,1,2,56.31568900573377,43.88778190535348
ID539,13,42,2,2,56.30660829525312,43.88509504206689
ID464,13,42,3,2,56.31479371772342,43.88613321834091
ID536,13,42,4,2,56.311606086906274,43.89622082906828
ID462,13,42,5,2,56.30962553323234,43.88930309984095
ID460,13,42,6,2,56.31200976113701,43.901595369774576
ID45,13,43,7,2,54.90641484467886,43.2800617448932
ID448,13,44,8,2,56.51421297053378,43.550820391140434
ID450,13,44,9,2,56.53176214287023,43.53995656329048
ID550,14,44,0,2,56.53837480957932,43.53839329886376
ID257,14,45,1,2,56.30698023029857,43.97474119364488
ID136,14,45,2,2,56.30664205711498,43.97554321280201
ID250,14,45,3,2,56.30319578958292,43.99161644186295
ID138,14,45,4,2,56.3096211474921,43.9796665584593
ID258,14,45,5,2,56.30751572198665,43.9803435426366
ID253,14,45,6,2,56.294846107492624,43.979753977382806
ID530,14,46,7,2,56.360025897118106,43.85498448887659
ID531,14,46,8,2,56.35597037658407,43.868471554887925
ID586,14,46,9,2,56.3525984798156,43.8773298238404
ID556,15,46,0,2,56.34461664923259,43.866914737808976
ID205,15,47,1,2,56.19790143821435,43.85557872825634
ID361,15,47,2,2,56.22266072174938,43.8452687147505
ID275,15,47,3,2,56.21085688466785,43.790292914978565
ID273,15,47,4,2,56.2182851036812,43.84747396882795
ID365,15,47,5,2,56.220122016278296,43.81275915611713
ID369,15,47,6,2,56.2285259842346,43.82732724460517
ID367,15,47,7,2,56.22201667046795,43.82543379743218
ID274,15,47,8,2,56.21699076322352,43.83049514124265
ID302,15,48,9,2,56.25455757704776,43.87311357234222
ID303,16,48,0,2,56.25345369838799,43.87706018462829
ID311,16,48,1,2,56.24466016498619,43.87373098139442
ID320,16,48,2,2,56.258518676936255,43.87332291877416
ID310,16,48,3,2,56.24159348031626,43.86789339847467
ID424,16,48,4,2,56.243597360678656,43.868606236169775
ID360,16,48,5,2,56.244386648316926,43.86738972566985
ID352,16,48,6,2,56.26009872504879,43.88544291276829
ID359,16,48,7,2,56.25065986270713,43.87783991590726
ID197,16,50,8,2,56.248946723585085,43.95850892481501
ID105,16,50,9,2,56.250581882108165,43.959583889353546
ID200,17,50,0,2,56.25480606680025,43.959888566044775
ID179,17,50,1,2,56.254048754110286,43.973819352136026
ID181,17,50,2,2,56.24602631210353,43.976569177990086
ID104,17,50,3,2,56.24982966695252,43.96028314375084
ID108,17,50,4,2,56.244912317377526,43.96447854154139
ID96,17,50,5,2,56.24299824690845,43.96528335665007
ID106,17,50,6,2,56.25196385357916,43.96010578077879
ID81,17,50,7,2,56.25088280940134,43.98028766668675
ID107,17,50,8,2,56.25215945994052,43.95866045145325
ID103,17,50,9,2,56.24374119299798,43.96482700794312
ID332,18,51,0,2,56.29948897579195,43.85227932665424
ID488,18,51,1,2,56.2966959910334,43.8474877372335
ID23,18,52,2,2,55.60171189098552,42.03775510459538
ID33,18,52,3,2,55.56332895905705,42.037736151570506
ID64,18,53,4,2,56.27243066851733,44.08848406941079
ID65,18,53,5,2,56.27183850555888,44.08611319653903
ID471,18,54,6,2,56.31736067553575,43.9490197017442
ID347,18,54,7,2,56.299826465010966,43.95063383940531
ID533,18,54,8,2,56.31633867461665,43.95482965910041
ID190,18,54,9,2,56.32401908745569,43.95715022949151
ID535,19,55,0,2,56.29978740319686,43.93013083068452
ID469,19,55,1,2,56.29831063381472,43.92335602757876
ID371,19,55,2,2,56.28176793797601,43.92351847194736
ID612,19,55,3,2,56.29144064451487,43.93701083265692
ID372,19,55,4,2,56.28137117620721,43.92580655851184
ID470,19,55,5,2,56.30153315809788,43.92596064749437
ID613,19,55,6,2,56.29539627558136,43.926651960994114
ID485,19,55,7,2,56.29257097309731,43.93622823466374
ID615,19,55,8,2,56.29423998105596,43.9241522803715
ID262,19,57,9,2,56.24014790733847,43.94624515729883
ID383,20,57,0,2,56.239598932316575,43.94332660740496
ID382,20,57,1,2,56.23675489165498,43.94837312939843
ID263,20,57,2,2,56.23713443073225,43.94086571015015
ID149,20,58,3,2,56.24731639896362,43.42028053148482
ID230,20,58,4,2,56.246281630133616,43.40121340507731
ID227,20,58,5,2,56.22789345356208,43.41347261687112
ID126,20,58,6,2,56.22700534335048,43.41483963745571
ID234,20,58,7,2,56.25019899241303,43.424867894518535
ID559,20,59,8,2,56.358452050709474,43.79624341617927
ID478,20,59,9,2,56.34832657431338,43.80086607331821
ID474,21,59,0,2,56.35252507220684,43.8178097843852
ID407,21,59,1,2,56.34147343726119,43.80731009296344
ID604,21,60,2,2,56.31328471412815,43.8179446866737
ID490,21,60,3,2,56.310638865611445,43.82654633870927
ID492,21,60,4,2,56.30903262189805,43.80037633798872
ID110,21,61,5,2,56.158686221521336,44.20603792604238
ID223,21,61,6,2,56.15436137038188,44.20274614859228
ID113,21,61,7,2,56.14572991984111,44.22096423488853
ID40,21,62,8,2,54.93169273239028,43.3254652936737
ID46,21,62,9,2,54.9221940917209,43.31959978972689
ID41,22,62,0,2,54.95781037492242,43.323036604822846
