point_id,visit_day,manager,order_in_route
ID213,1,0,0
ID74,1,0,1
ID85,1,0,2
ID189,1,0,3
ID68,1,0,4
ID63,1,0,5
ID37,1,0,6
ID36,1,0,7
ID608,1,0,8
ID607,1,0,9
ID610,2,0,0
ID609,2,0,1
ID493,2,0,2
ID47,2,0,3
ID497,2,0,4
ID433,2,0,5
ID591,2,0,6
ID522,2,0,7
ID584,2,0,8
ID590,2,0,9
ID517,3,0,0
ID627,3,0,1
ID155,3,0,2
ID152,3,0,3
ID552,3,0,4
ID184,3,0,5
ID92,3,0,6
ID290,3,0,7
ID427,3,0,8
ID287,3,0,9
ID428,4,0,0
ID15,4,0,1
ID578,4,0,2
ID527,4,0,3
ID560,4,0,4
ID476,4,0,5
ID164,4,0,6
ID143,4,0,7
ID77,4,0,8
ID79,4,0,9
ID80,5,0,0
ID209,5,0,1
ID212,5,0,2
ID266,5,0,3
ID264,5,0,4
ID267,5,0,5
ID145,5,0,6
ID144,5,0,7
ID219,5,0,8
ID115,5,0,9
ID221,6,0,0
ID118,6,0,1
ID114,6,0,2
ID220,6,0,3
ID116,6,0,4
ID217,6,0,5
ID596,6,0,6
ID599,6,0,7
ID507,6,0,8
ID506,6,0,9
ID503,7,0,0
ID571,7,0,1
ID572,7,0,2
ID557,7,0,3
ID575,7,0,4
ID473,7,0,5
ID528,7,0,6
ID529,7,0,7
ID19,7,0,8
ID342,7,0,9
ID400,8,0,0
ID325,8,0,1
ID403,8,0,2
ID327,8,0,3
ID402,8,0,4
ID344,8,0,5
ID191,8,0,6
ID194,8,0,7
ID100,8,0,8
ID312,8,0,9
ID313,9,0,0
ID409,9,0,1
ID281,9,0,2
ID413,9,0,3
ID316,9,0,4
ID512,9,0,5
ID444,9,0,6
ID544,9,0,7
ID542,9,0,8
ID581,9,0,9
ID457,10,0,0
ID443,10,0,1
ID442,10,0,2
ID20,10,0,3
ID21,10,0,4
ID292,10,0,5
ID378,10,0,6
ID283,10,0,7
ID379,10,0,8
ID386,10,0,9
ID271,11,0,0
ID256,11,0,1
ID255,11,0,2
ID453,11,0,3
ID566,11,0,4
ID526,11,0,5
ID554,11,0,6
ID351,11,0,7
ID350,11,0,8
ID337,11,0,9
ID349,12,0,0
ID308,12,0,1
ID307,12,0,2
ID318,12,0,3
ID392,12,0,4
ID87,12,0,5
ID226,12,0,6
ID161,12,0,7
ID625,12,0,8
ID166,12,0,9
ID56,13,0,0
ID465,13,0,1
ID57,13,0,2
ID61,13,0,3
ID168,13,0,4
ID246,13,0,5
ID58,13,0,6
ID60,13,0,7
ID247,13,0,8
ID259,13,0,9
ID623,14,0,0
ID170,14,0,1
ID167,14,0,2
ID601,14,0,3
ID502,14,0,4
ID541,14,0,5
ID579,14,0,6
ID440,14,0,7
ID441,14,0,8
ID456,14,0,9
ID459,15,0,0
ID42,15,0,1
ID38,15,0,2
ID588,15,0,3
ID523,15,0,4
ID587,15,0,5
ID570,15,0,6
ID589,15,0,7
ID439,15,0,8
ID279,15,0,9
ID368,16,0,0
ID278,16,0,1
ID364,16,0,2
ID363,16,0,3
ID366,16,0,4
ID319,16,0,5
ID321,16,0,6
ID353,16,0,7
ID299,16,0,8
ID300,16,0,9
ID422,17,0,0
ID304,17,0,1
ID423,17,0,2
ID17,17,0,3
ID83,17,0,4
ID82,17,0,5
ID84,17,0,6
ID93,17,0,7
ID196,17,0,8
ID180,17,0,9
ID207,18,0,0
ID201,18,0,1
ID202,18,0,2
ID330,18,0,3
ID329,18,0,4
ID405,18,0,5
ID620,18,0,6
ID406,18,0,7
ID618,18,0,8
ID567,18,0,9
ID10,19,0,0
ID34,19,0,1
ID22,19,0,2
ID214,19,0,3
ID225,19,0,4
ID86,19,0,5
ID241,19,0,6
ID295,19,0,7
ID534,19,0,8
ID296,19,0,9
ID346,20,0,0
ID323,20,0,1
ID282,20,0,2
ID468,20,0,3
ID616,20,0,4
ID467,20,0,5
ID12,20,0,6
ID206,20,0,7
ID146,20,0,8
ID232,20,0,9
ID150,21,0,0
ID124,21,0,1
ID333,21,0,2
ID558,21,0,3
ID475,21,0,4
ID602,21,0,5
ID605,21,0,6
ID182,21,0,7
ID222,21,0,8
ID183,21,0,9
ID224,22,0,0
ID73,1,1,0
ID176,1,1,1
ID62,1,1,2
ID243,1,1,3
ID495,1,1,4
ID611,1,1,5
ID39,1,1,6
ID437,1,1,7
ID436,1,1,8
ID629,1,1,9
ID628,2,1,0
ID8,2,1,1
ID3,2,1,2
ID1,2,1,3
ID154,2,1,4
ID236,2,1,5
ID237,2,1,6
ID122,2,1,7
ID551,2,1,8
ID447,2,1,9
ID548,3,1,0
ID91,3,1,1
ID89,3,1,2
ID186,3,1,3
ID204,3,1,4
ID429,3,1,5
ID430,3,1,6
ID289,3,1,7
ID7,3,1,8
ID454,3,1,9
ID455,4,1,0
ID142,4,1,1
ID78,4,1,2
ID210,4,1,3
ID75,4,1,4
ID265,4,1,5
ID269,4,1,6
ID399,4,1,7
ID397,4,1,8
ID268,4,1,9
ID374,5,1,0
ID377,5,1,1
ID373,5,1,2
ID163,5,1,3
ID162,5,1,4
ID119,5,1,5
ID117,5,1,6
ID120,5,1,7
ID218,5,1,8
ID598,5,1,9
ID504,6,1,0
ID600,6,1,1
ID505,6,1,2
ID449,6,1,3
ID549,6,1,4
ID574,6,1,5
ID524,6,1,6
ID446,6,1,7
ID11,6,1,8
ID16,6,1,9
ID6,7,1,0
ID29,7,1,1
ID35,7,1,2
ID404,7,1,3
ID345,7,1,4
ID394,7,1,5
ID389,7,1,6
ID326,7,1,7
ID401,7,1,8
ID393,7,1,9
ID390,8,1,0
ID102,8,1,1
ID193,8,1,2
ID195,8,1,3
ID98,8,1,4
ID99,8,1,5
ID157,8,1,6
ID410,8,1,7
ID415,8,1,8
ID370,8,1,9
ID317,9,1,0
ID314,9,1,1
ID414,9,1,2
ID510,9,1,3
ID633,9,1,4
ID632,9,1,5
ID631,9,1,6
ID511,9,1,7
ID133,9,1,8
ID580,9,1,9
ID408,10,1,0
ID521,10,1,1
ID9,10,1,2
ID272,10,1,3
ID293,10,1,4
ID291,10,1,5
ID380,10,1,6
ID50,10,1,7
ID249,10,1,8
ID51,10,1,9
ID53,11,1,0
ID252,11,1,1
ID452,11,1,2
ID547,11,1,3
ID546,11,1,4
ID483,11,1,5
ID564,11,1,6
ID484,11,1,7
ID481,11,1,8
ID553,11,1,9
ID335,12,1,0
ID339,12,1,1
ID343,12,1,2
ID387,12,1,3
ID388,12,1,4
ID416,12,1,5
ID309,12,1,6
ID24,12,1,7
ID27,12,1,8
ID127,12,1,9
ID158,13,1,0
ID130,13,1,1
ID160,13,1,2
ID520,13,1,3
ID519,13,1,4
ID624,13,1,5
ID248,13,1,6
ID55,13,1,7
ID173,13,1,8
ID140,13,1,9
ID172,14,1,0
ID72,14,1,1
ID498,14,1,2
ID500,14,1,3
ID595,14,1,4
ID501,14,1,5
ID594,14,1,6
ID499,14,1,7
ID621,14,1,8
ID622,14,1,9
ID538,15,1,0
ID537,15,1,1
ID461,15,1,2
ID49,15,1,3
ID137,15,1,4
ID135,15,1,5
ID434,15,1,6
ID569,15,1,7
ID438,15,1,8
ID532,15,1,9
ID445,16,1,0
ID362,16,1,1
ID276,16,1,2
ID280,16,1,3
ID277,16,1,4
ID355,16,1,5
ID356,16,1,6
ID425,16,1,7
ID354,16,1,8
ID301,16,1,9
ID341,17,1,0
ID357,17,1,1
ID358,17,1,2
ID298,17,1,3
ID340,17,1,4
ID26,17,1,5
ID178,17,1,6
ID199,17,1,7
ID198,17,1,8
ID619,17,1,9
ID487,18,1,0
ID331,18,1,1
ID18,18,1,2
ID109,18,1,3
ID240,18,1,4
ID66,18,1,5
ID242,18,1,6
ID297,18,1,7
ID121,18,1,8
ID348,18,1,9
ID472,19,1,0
ID322,19,1,1
ID614,19,1,2
ID466,19,1,3
ID381,19,1,4
ID260,19,1,5
ID261,19,1,6
ID94,19,1,7
ID95,19,1,8
ID203,19,1,9
ID228,20,1,0
ID229,20,1,1
ID125,20,1,2
ID147,20,1,3
ID148,20,1,4
ID233,20,1,5
ID231,20,1,6
ID479,20,1,7
ID480,20,1,8
ID477,20,1,9
ID562,21,1,0
ID563,21,1,1
ID561,21,1,2
ID603,21,1,3
ID491,21,1,4
ID489,21,1,5
ID111,21,1,6
ID112,21,1,7
ID44,21,1,8
ID48,21,1,9
ID4,22,1,0
ID177,1,2,0
ID239,1,2,1
ID67,1,2,2
ID69,1,2,3
ID70,1,2,4
ID238,1,2,5
ID169,1,2,6
ID244,1,2,7
ID496,1,2,8
ID606,1,2,9
ID494,2,2,0
ID509,2,2,1
ID43,2,2,2
ID585,2,2,3
ID583,2,2,4
ID582,2,2,5
ID435,2,2,6
ID514,2,2,7
ID626,2,2,8
ID515,2,2,9
ID516,3,2,0
ID30,3,2,1
ID5,3,2,2
ID2,3,2,3
ID235,3,2,4
ID153,3,2,5
ID151,3,2,6
ID123,3,2,7
ID451,3,2,8
ID185,3,2,9
ID90,4,2,0
ID187,4,2,1
ID288,4,2,2
ID426,4,2,3
ID97,4,2,4
ID286,4,2,5
ID32,4,2,6
ID577,4,2,7
ID555,4,2,8
ID576,4,2,9
ID165,5,2,0
ID211,5,2,1
ID76,5,2,2
ID208,5,2,3
ID376,5,2,4
ID398,5,2,5
ID270,5,2,6
ID216,5,2,7
ID215,5,2,8
ID597,5,2,9
ID545,6,2,0
ID573,6,2,1
ID25,6,2,2
ID13,6,2,3
ID28,6,2,4
ID14,6,2,5
ID328,6,2,6
ID617,6,2,7
ID396,6,2,8
ID486,6,2,9
ID395,7,2,0
ID324,7,2,1
ID132,7,2,2
ID156,7,2,3
ID101,7,2,4
ID192,7,2,5
ID131,7,2,6
ID412,7,2,7
ID315,7,2,8
ID411,7,2,9
ID630,8,2,0
ID513,8,2,1
ID543,8,2,2
ID568,8,2,3
ID134,8,2,4
ID31,8,2,5
ID375,8,2,6
ID431,8,2,7
ID294,8,2,8
ID251,8,2,9
ID254,9,2,0
ID52,9,2,1
ID171,9,2,2
ID139,9,2,3
ID482,9,2,4
ID565,9,2,5
ID525,9,2,6
ID336,9,2,7
ID285,9,2,8
ID432,9,2,9
ID421,10,2,0
ID334,10,2,1
ID385,10,2,2
ID284,10,2,3
ID338,10,2,4
ID391,10,2,5
ID417,10,2,6
ID306,10,2,7
ID418,10,2,8
ID420,10,2,9
ID305,11,2,0
ID419,11,2,1
ID188,11,2,2
ID88,11,2,3
ID159,11,2,4
ID128,11,2,5
ID129,11,2,6
ID518,11,2,7
ID245,11,2,8
ID71,11,2,9
ID175,12,2,0
ID141,12,2,1
ID384,12,2,2
ID174,12,2,3
ID54,12,2,4
ID59,12,2,5
ID592,12,2,6
ID593,12,2,7
ID508,12,2,8
ID458,12,2,9
ID540,13,2,0
ID463,13,2,1
ID539,13,2,2
ID464,13,2,3
ID536,13,2,4
ID462,13,2,5
ID460,13,2,6
ID45,13,2,7
ID448,13,2,8
ID450,13,2,9
ID550,14,2,0
ID257,14,2,1
ID136,14,2,2
ID250,14,2,3
ID138,14,2,4
ID258,14,2,5
ID253,14,2,6
ID530,14,2,7
ID531,14,2,8
ID586,14,2,9
ID556,15,2,0
ID205,15,2,1
ID361,15,2,2
ID275,15,2,3
ID273,15,2,4
ID365,15,2,5
ID369,15,2,6
ID367,15,2,7
ID274,15,2,8
ID302,15,2,9
ID303,16,2,0
ID311,16,2,1
ID320,16,2,2
ID310,16,2,3
ID424,16,2,4
ID360,16,2,5
ID352,16,2,6
ID359,16,2,7
ID197,16,2,8
ID105,16,2,9
ID200,17,2,0
ID179,17,2,1
ID181,17,2,2
ID104,17,2,3
ID108,17,2,4
ID96,17,2,5
ID106,17,2,6
ID81,17,2,7
ID107,17,2,8
ID103,17,2,9
ID332,18,2,0
ID488,18,2,1
ID23,18,2,2
ID33,18,2,3
ID64,18,2,4
ID65,18,2,5
ID471,18,2,6
ID347,18,2,7
ID533,18,2,8
ID190,18,2,9
ID535,19,2,0
ID469,19,2,1
ID371,19,2,2
ID612,19,2,3
ID372,19,2,4
ID470,19,2,5
ID613,19,2,6
ID485,19,2,7
ID615,19,2,8
ID262,19,2,9
ID383,20,2,0
ID382,20,2,1
ID263,20,2,2
ID149,20,2,3
ID230,20,2,4
ID227,20,2,5
ID126,20,2,6
ID234,20,2,7
ID559,20,2,8
ID478,20,2,9
ID474,21,2,0
ID407,21,2,1
ID604,21,2,2
ID490,21,2,3
ID492,21,2,4
ID110,21,2,5
ID223,21,2,6
ID113,21,2,7
ID40,21,2,8
ID46,21,2,9
ID41,22,2,0
